{
  "activeNotes": [
    {
      "id": "45acde19-f2d4-4eba-ab62-eb7d26c13138",
      "content": "Exemplos de rotas no Node js\r\n\r\n- [x] MÉTODO GET LIST\r\nconst users = [\r\n  'Gordon',\r\n  'Ronin',\r\n  'Roben',\r\n  'Samurai'\r\n]\r\napp.get('/users',(req, res)=>{\r\n  const search = String(req.query.search);\r\n  const  filteredUsers = search?users.filter(user => user.includes(search)) : users\r\n  return res.json(filteredUsers)\r\n  //  return res.json(users)\r\n})\r\n\r\napp.get('/users/:codigo',(req, res)=>{\r\n  const id = Number(req.params.codigo)\r\n  const user = users[id]\r\n  return res.json(user)\r\n})\r\n\r\n- [x] MÉTODO POST PARA CRIAÇÃO\r\napp.post('/users',(req, res)=>{\r\n  const data = req.body;\r\n const user = {\r\n   name: data.name,\r\n   email: data.email\r\n }\r\n  return res.json(user)\r\n})\r\napp.listen(3333)\r\n",
      "creationDate": "2020-06-03T23:07:58.160Z",
      "lastModified": "2020-06-03T23:10:47.000Z"
    },
    {
      "id": "7a38d904-b0e4-48b4-9ec0-19e918f5e702",
      "content": "NEXT LEVEL WEEK DAY TWO\r\n\r\n- [x] Rota: endereço completo da requisição.\r\n- [x] Recurso: qual a entidade está sendo acessada no sistema. ex: /users\r\n- [x] Get: listar as informações.\r\n- [x] Post: criar uma nova informação.\r\n- [x] Put: atualizar informação existente.\r\n- [x] Delete: excluir a informação.\r\n- [x] Request params: parâmetros que vem na própria rota que identificam um recurso\r\n- [x] Query params: usado em filtros, paginação.\r\n- [x] Request body: corpo da requisição, usado em atualização, criação.\r\n",
      "creationDate": "2020-06-03T22:57:06.000Z",
      "lastModified": "2020-06-03T23:00:28.000Z",
      "pinned": true
    },
    {
      "id": "c930c530-c7eb-49e0-b1db-428510090c20",
      "content": "Welcome to Simplenote!\r\n \r\nTo create a new note, click on the new note button.\r\n\r\nTo search your notes, type in the search bar and enter any text. Simplenote will show you matching results instantly.\r\n \r\nGot a really important note? Open the note info bar and press the 'Pin to top' button to pin it to the top of the list.\r\n \r\nUse tags to help organize your notes. Look for the tag bar at the bottom of the note editor.\r\n \r\nDeleted notes go in the trash. You can restore them if you want, or empty the trash to get rid of them forever.\r\n \r\nYou can access your notes on the web and your other devices. Go to https://app.simplenote.com to get started.\r\n \r\nWe hope you enjoy using Simplenote!",
      "creationDate": "2020-06-03T22:44:07.565Z",
      "lastModified": "2020-06-03T22:46:13.000Z"
    }
  ],
  "trashedNotes": []
}